Start,End,Peptide,PeptideAverageMass,RT,DeuteriumUptake,complex30s_rep1,complex30s_rep2,complex30s_rep3,average,stdv,f,f,f,average,std,shift
402,436,SQILAPNNYYPSKNLAPIALNAQDDFSSTPITMNY,3873.25868,33.32015667,9.692437194,,,,,,,,,,,
219,244,YKSSPEKWSTASDPYSDFEKVTGRID,2994.18108,28.730185,1.166774744,,,,,,,,,,,
323,336,GFSNSNSSTVAIDH,1435.45208,21.36006333,1.675424751,,,,,,,,,,,
531,545,FGFNEPNGNLQYQGK,1712.81558,27.000465,4.766455206,,,,,,,,,,,
505,521,IAAVNPSDPLETTKPDM,1799.00788,26.65247833,3.303805488,,,,,,,,,,,
532,545,GFNEPNGNLQYQGK,1565.64168,22.85080833,1.589663114,,,,,,,,,,,
324,336,FSNSNSSTVAIDH,1378.40078,19.96395,2.167965105,,,,,,,,,,,
314,336,FDIGGSVSAGFSNSNSSTVAIDH,2269.33718,28.99803333,5.194786992,,,,,,,,,,,
601,613,NNIAVGADESVVK,1315.42948,21.96707667,1.858741715,,,,,,,,,,,
507,523,AVNPSDPLETTKPDMTL,1829.03388,28.97139,1.699786251,,,,,,,,,,,
219,244,YKSSPEKWSTASDPYSDFEKVTGRID,2994.18108,28.82599167,3.412179235,,,,,,,,,,,
379,395,PTTSLVLGKNQTLATIK,1785.09048,25.06118,2.70715324,,,,,,,,,,,
384,399,VLGKNQTLATIKAKEN,1727.99938,19.89181333,3.844363504,,,,,,,,,,,
314,346,FDIGGSVSAGFSNSNSSTVAIDHSLSLAGERTW,3370.54968,33.008455,9.804380737,,,,,,,,,,,
551,565,DFNFDQQTSQNIKNQ,1826.87358,25.63802833,4.79431716,,,,,,,,,,,
215,244,GLTKYKSSPEKWSTASDPYSDFEKVTGRID,3393.66618,28.10711167,1.65282565,,,,,,,,,,,
136,167,WTDSQNKKEVISSDNLQLPELKQKSSNSRKKR,3773.17298,21.88181167,3.883459617,,,,,,,,,,,
478,490,SEVLPQIQETTAR,1471.61188,24.61768833,0.865603187,,,,,,,,,,,
185,197,DSLEVEGYTVDVK,1453.54708,28.278055,3.871107563,,,,,,,,,,,
617,639,REVINSSTEGLLLNIDKDIRKIL,2640.04098,36.70092,9.126690358,,,,,,,,,,,
451,464,DTDQVYGNIATYNF,1620.67068,32.61793167,3.302710994,,,,,,,,,,,
9,24,LNESESSSQGLLGYYF,1793.88018,36.48658333,5.639615382,,,,,,,,,,,
71,86,VKKSDEYTFATSADNH,1812.88708,20.59220667,4.446920958,,,,,,,,,,,
219,242,YKSSPEKWSTASDPYSDFEKVTGR,2765.93608,27.86528833,2.589341928,,,,,,,,,,,
325,336,SNSNSSTVAIDH,1231.22688,10.736415,1.679775696,,,,,,,,,,,
710,725,PSENGDTSTNGIKKIL,1673.81948,23.58370833,3.932277427,,,,,,,,,,,
216,244,LTKYKSSPEKWSTASDPYSDFEKVTGRID,3336.61488,28.02092833,10.60524265,,,,,,,,,,,
91,105,VDDQEVINKASNSNK,1660.73798,19.35148833,4.356684698,,,,,,,,,,,
425,437,DDFSSTPITMNYN,1504.57378,29.255605,3.537024961,,,,,,,,,,,
399,426,NQLSQILAPNNYYPSKNLAPIALNAQDD,3086.36698,32.47410833,7.91492164,,,,,,,,,,,
507,521,AVNPSDPLETTKPDM,1614.77238,25.27428667,1.616809605,,,,,,,,,,,
425,436,DDFSSTPITMNY,1390.47118,30.88196167,2.550540802,,,,,,,,,,,
507,520,AVNPSDPLETTKPD,1483.57628,23.11783833,1.789166413,,,,,,,,,,,
553,564,NFDQQTSQNIKN,1436.48308,18.65919833,2.683422233,,,,,,,,,,,
6,17,NRLLNESESSSQ,1363.38778,19.30625667,2.83117373,,,,,,,,,,,
182,197,GIPDSLEVEGYTVDVK,1720.87118,29.84626,7.74920649,,,,,,,,,,,
551,564,DFNFDQQTSQNIKN,1698.74438,25.584065,3.064039518,,,,,,,,,,,
353,363,NTADTARLNAN,1160.19528,9.342148333,1.474613383,,,,,,,,,,,
511,526,SDPLETTKPDMTLKEA,1775.97128,24.45210333,1.483039989,,,,,,,,,,,
423,436,AQDDFSSTPITMNY,1589.67828,30.53201167,3.139687783,,,,,,,,,,,
31,42,APMVVTSSTTGD,1165.27168,20.91865333,2.003297166,,,,,,,,,,,
91,107,VDDQEVINKASNSNKIR,1930.08128,20.473035,4.631951529,,,,,,,,,,,
415,426,NLAPIALNAQDD,1254.34618,27.15443833,6.301893129,,,,,,,,,,,
376,388,NVLPTTSLVLGKN,1355.57938,27.36368333,1.747245476,,,,,,,,,,,
53,70,IPSENQYFQSAIWSGFIK,2115.34268,35.86721333,6.013460854,,,,,,,,,,,
245,265,KNVSPEARHPLVAAYPIVHVD,2312.62538,23.84719,0.69882817,,,,,,,,,,,
400,434,QLSQILAPNNYYPSKNLAPIALNAQDDFSSTPITM,3837.26958,34.211775,10.4551454,,,,,,,,,,,
602,613,NIAVGADESVVK,1201.32688,22.1199,1.598829813,,,,,,,,,,,
168,197,STSAGPTVPDRDNDGIPDSLEVEGYTVDVK,3134.27478,29.07298167,3.634924225,,,,,,,,,,,
603,613,IAVGADESVVK,1087.22428,21.04891667,2.110400616,,,,,,,,,,,
91,107,VDDQEVINKASNSNKIR,1930.08128,20.503345,4.580719256,,,,,,,,,,,
201,211,TFLSPWISNIH,1314.48748,33.93246,1.993380997,,,,,,,,,,,
422,436,NAQDDFSSTPITMNY,1703.78088,30.48783667,3.561733889,,,,,,,,,,,
314,346,FDIGGSVSAGFSNSNSSTVAIDHSLSLAGERTW,3370.54968,33.82646167,13.45674029,,,,,,,,,,,
28,42,NFQAPMVVTSSTTGD,1554.67738,27.13455833,2.257649062,,,,,,,,,,,
337,347,SLSLAGERTWA,1190.30568,28.22010833,4.539276541,,,,,,,,,,,
255,265,LVAAYPIVHVD,1196.39478,27.35078333,0.651901706,,,,,,,,,,,
6,17,NRLLNESESSSQ,1363.38778,19.229725,2.83117373,,,,,,,,,,,
404,436,ILAPNNYYPSKNLAPIALNAQDDFSSTPITMNY,3658.05218,33.40596167,6.330671784,,,,,,,,,,,
91,105,VDDQEVINKASNSNK,1660.73798,19.27133833,4.268051072,,,,,,,,,,,
256,265,VAAYPIVHVD,1083.23718,25.17768333,0.792720644,,,,,,,,,,,
33,42,MVVTSSTTGD,997.07858,17.95705333,1.605352089,,,,,,,,,,,
614,639,EAHREVINSSTEGLLLNIDKDIRKIL,2977.37218,35.85765833,10.57892063,,,,,,,,,,,
509,526,NPSDPLETTKPDMTLKEA,1987.18908,25.71117833,1.759504499,,,,,,,,,,,
139,167,SQNKKEVISSDNLQLPELKQKSSNSRKKR,3370.77178,20.27314167,3.299482663,,,,,,,,,,,
614,639,EAHREVINSSTEGLLLNIDKDIRKIL,2977.37218,35.90894833,11.78902022,,,,,,,,,,,
426,436,DFSSTPITMNY,1275.38378,30.88797333,2.563820058,,,,,,,,,,,
12,27,SESSSQGLLGYYFSDL,1752.82828,38.18289833,2.089986298,,,,,,,,,,,
225,235,KWSTASDPYSD,1256.27448,23.55586,0.428992451,,,,,,,,,,,
327,338,SNSSTVAIDHSL,1230.28188,23.84139,2.085607162,,,,,,,,,,,
402,434,SQILAPNNYYPSKNLAPIALNAQDDFSSTPITM,3595.98278,33.125365,8.945271326,,,,,,,,,,,
385,395,LGKNQTLATIK,1186.40148,20.74664,2.052751158,,,,,,,,,,,
8,22,LLNESESSSQGLLGY,1596.69058,31.00588,3.02806116,,,,,,,,,,,
452,463,TDQVYGNIATYN,1358.40938,26.27716333,3.373064622,,,,,,,,,,,
452,464,TDQVYGNIATYNF,1505.58328,32.17841167,3.318233994,,,,,,,,,,,
706,719,TIINPSENGDTSTN,1462.47248,21.04237667,3.50662661,,,,,,,,,,,
94,107,QEVINKASNSNKIR,1600.77538,7.003923333,3.449272818,,,,,,,,,,,
8,24,LLNESESSSQGLLGYYF,1907.03778,37.33540167,5.465265893,,,,,,,,,,,
551,569,DFNFDQQTSQNIKNQLAEL,2253.38068,34.25051833,5.573243242,,,,,,,,,,,
402,436,SQILAPNNYYPSKNLAPIALNAQDDFSSTPITMNY,3873.25868,33.39160333,12.70955197,,,,,,,,,,,
226,238,WSTASDPYSDFEK,1532.56238,28.17901167,0.955888958,,,,,,,,,,,
9,27,LNESESSSQGLLGYYFSDL,2109.20248,38.29381167,4.926248552,,,,,,,,,,,
362,387,ANIRYVNTGTAPIYNVLPTTSLVLGK,2776.19068,31.540565,4.863733887,,,,,,,,,,,
71,107,VKKSDEYTFATSADNHVTMWVDDQEVINKASNSNKIR,4242.59408,29.10653667,6.248193991,,,,,,,,,,,
327,336,SNSSTVAIDH,1030.04698,10.17115,0.638568259,,,,,,,,,,,
327,336,SNSSTVAIDH,1030.04698,10.93414,0.411738653,,,,,,,,,,,
603,618,IAVGADESVVKEAHRE,1709.85518,20.53543167,1.865971242,,,,,,,,,,,
