Start,End,Peptide,PeptideAverageMass,RT,DeuteriumUptake
402,436,SQILAPNNYYPSKNLAPIALNAQDDFSSTPITMNY,3873.2586800000004,33.320156666667,10.01800503934055
219,244,YKSSPEKWSTASDPYSDFEKVTGRID,2994.18108,28.730185,1.24312789094256
323,336,GFSNSNSSTVAIDH,1435.4520800000003,21.360063333333,1.9451062147097673
531,545,FGFNEPNGNLQYQGK,1712.8155800000002,27.000465,4.382858538925802
505,521,IAAVNPSDPLETTKPDM,1799.0078800000001,26.652478333333,3.435292269832871
532,545,GFNEPNGNLQYQGK,1565.6416800000002,22.850808333333,1.7981596698800786
324,336,FSNSNSSTVAIDH,1378.4007800000002,19.96395,2.622931445335098
314,336,FDIGGSVSAGFSNSNSSTVAIDH,2269.3371799999995,28.998033333333,5.396554605340498
601,613,NNIAVGADESVVK,1315.4294800000002,21.967076666667,2.000537751768661
507,523,AVNPSDPLETTKPDMTL,1829.0338800000004,28.97139,1.8072278824661225
219,244,YKSSPEKWSTASDPYSDFEKVTGRID,2994.18108,28.825991666667,3.0758395006646424
379,395,PTTSLVLGKNQTLATIK,1785.09048,25.06118,2.803651897001373
384,399,VLGKNQTLATIKAKEN,1727.99938,19.891813333333,3.9119455903803555
314,346,FDIGGSVSAGFSNSNSSTVAIDHSLSLAGERTW,3370.549679999999,33.008455,9.881143126558982
551,565,DFNFDQQTSQNIKNQ,1826.87358,25.638028333333,4.885689525297948
215,244,GLTKYKSSPEKWSTASDPYSDFEKVTGRID,3393.6661800000006,28.107111666667,1.6191973080181015
136,167,WTDSQNKKEVISSDNLQLPELKQKSSNSRKKR,3773.1729800000007,21.881811666667,4.629530393627647
478,490,SEVLPQIQETTAR,1471.6118800000002,24.617688333333,0.9010934715290659
185,197,DSLEVEGYTVDVK,1453.54708,28.278055,4.080533797879525
617,639,REVINSSTEGLLLNIDKDIRKIL,2640.04098,36.70092,9.081475572143518
451,464,DTDQVYGNIATYNF,1620.67068,32.617931666667,3.35072585417106
9,24,LNESESSSQGLLGYYF,1793.8801799999999,36.486583333333,5.17592575902745
71,86,VKKSDEYTFATSADNH,1812.88708,20.592206666667,4.80710373088823
219,242,YKSSPEKWSTASDPYSDFEKVTGR,2765.93608,27.865288333333,2.550013743620184
325,336,SNSNSSTVAIDH,1231.22688,10.736415,1.952525637957251
710,725,PSENGDTSTNGIKKIL,1673.81948,23.583708333333,4.005639422082822
216,244,LTKYKSSPEKWSTASDPYSDFEKVTGRID,3336.6148800000005,28.020928333333,10.866452818816015
91,105,VDDQEVINKASNSNK,1660.7379799999997,19.351488333333,4.55989715339706
425,437,DDFSSTPITMNYN,1504.5737799999997,29.255605,3.1832898115089847
399,426,NQLSQILAPNNYYPSKNLAPIALNAQDD,3086.366979999999,32.474108333333,7.854944607598554
507,521,AVNPSDPLETTKPDM,1614.7723800000003,25.274286666667,1.6356326362704294
425,436,DDFSSTPITMNY,1390.4711799999998,30.881961666667,2.7130266610688523
507,520,AVNPSDPLETTKPD,1483.5762800000002,23.117838333333,1.7314231715158712
553,564,NFDQQTSQNIKN,1436.48308,18.659198333333,2.880911693489452
6,17,NRLLNESESSSQ,1363.38778,19.306256666667,3.090215140941382
182,197,GIPDSLEVEGYTVDVK,1720.8711800000003,29.846259999999997,7.106400114346343
551,564,DFNFDQQTSQNIKN,1698.7443799999999,25.584065,3.327282916966169
353,363,NTADTARLNAN,1160.19528,9.342148333333,1.4801204915299877
511,526,SDPLETTKPDMTLKEA,1775.9712800000002,24.452103333333,1.3702332423567896
423,436,AQDDFSSTPITMNY,1589.6782799999999,30.532011666667,3.1760829644565547
31,42,APMVVTSSTTGD,1165.2716800000003,20.918653333333,2.175296209068165
91,107,VDDQEVINKASNSNKIR,1930.0812799999997,20.473035,4.814996103752037
415,426,NLAPIALNAQDD,1254.34618,27.154438333333,5.80127026081982
376,388,NVLPTTSLVLGKN,1355.5793800000001,27.363683333332997,1.9029020055372712
53,70,IPSENQYFQSAIWSGFIK,2115.34268,35.867213333333,5.342845314456554
245,265,KNVSPEARHPLVAAYPIVHVD,2312.62538,23.84719,0.7040598350763503
400,434,QLSQILAPNNYYPSKNLAPIALNAQDDFSSTPITM,3837.26958,34.211775,11.169384243477907
602,613,NIAVGADESVVK,1201.32688,22.119899999999998,1.7338476146887842
168,197,STSAGPTVPDRDNDGIPDSLEVEGYTVDVK,3134.2747800000006,29.072981666667,3.8675898115880045
603,613,IAVGADESVVK,1087.2242800000001,21.048916666667,2.231244883244017
91,107,VDDQEVINKASNSNKIR,1930.0812799999997,20.503345,4.684565476741682
201,211,TFLSPWISNIH,1314.4874800000002,33.93246,2.001591109675701
422,436,NAQDDFSSTPITMNY,1703.78088,30.487836666667,3.7916902402578216
314,346,FDIGGSVSAGFSNSNSSTVAIDHSLSLAGERTW,3370.549679999999,33.826461666667,13.000793085490841
28,42,NFQAPMVVTSSTTGD,1554.67738,27.134558333333,2.2279049471742383
337,347,SLSLAGERTWA,1190.30568,28.220108333333,4.2649288913969485
255,265,LVAAYPIVHVD,1196.39478,27.350783333333002,0.7038100168733763
6,17,NRLLNESESSSQ,1363.38778,19.229725,3.090215140941382
404,436,ILAPNNYYPSKNLAPIALNAQDDFSSTPITMNY,3658.05218,33.405961666667,8.169774391398732
91,105,VDDQEVINKASNSNK,1660.7379799999997,19.271338333333,4.505575765913136
256,265,VAAYPIVHVD,1083.23718,25.177683333333,0.6821751765860427
33,42,MVVTSSTTGD,997.0785799999999,17.957053333333,1.389545173604347
614,639,EAHREVINSSTEGLLLNIDKDIRKIL,2977.3721800000003,35.857658333333,12.771660717199211
509,526,NPSDPLETTKPDMTLKEA,1987.18908,25.711178333333,1.5491677009817977
139,167,SQNKKEVISSDNLQLPELKQKSSNSRKKR,3370.7717800000005,20.273141666667,3.5714721048411775
614,639,EAHREVINSSTEGLLLNIDKDIRKIL,2977.3721800000003,35.908948333333,6.138835299134371
426,436,DFSSTPITMNY,1275.38378,30.887973333333,2.596625083769595
12,27,SESSSQGLLGYYFSDL,1752.8282799999997,38.182898333333,2.0890111239123144
225,235,KWSTASDPYSD,1256.27448,23.55586,0.5399634623115617
327,338,SNSSTVAIDHSL,1230.28188,23.84139,2.1938547859831488
402,434,SQILAPNNYYPSKNLAPIALNAQDDFSSTPITM,3595.9827800000003,33.125365,8.446307141504803
385,395,LGKNQTLATIK,1186.40148,20.74664,2.1131798439980685
8,22,LLNESESSSQGLLGY,1596.6905800000004,31.00588,3.430918611878951
452,463,TDQVYGNIATYN,1358.40938,26.277163333333,2.858924295962197
452,464,TDQVYGNIATYNF,1505.58328,32.178411666667,3.264544509419693
706,719,TIINPSENGDTSTN,1462.4724800000001,21.042376666667,3.7331514382638034
94,107,QEVINKASNSNKIR,1600.77538,7.003923333333,3.5822235032510434
8,24,LLNESESSSQGLLGYYF,1907.0377800000003,37.335401666667,5.407306956113189
551,569,DFNFDQQTSQNIKNQLAEL,2253.3806799999998,34.250518333333,4.964805322103075
402,436,SQILAPNNYYPSKNLAPIALNAQDDFSSTPITMNY,3873.2586800000004,33.391603333333,12.902860114029863
226,238,WSTASDPYSDFEK,1532.56238,28.179011666667,0.9496053422274144
9,27,LNESESSSQGLLGYYFSDL,2109.20248,38.293811666667,4.624744183619896
362,387,ANIRYVNTGTAPIYNVLPTTSLVLGK,2776.19068,31.540565,4.86354683716354
71,107,VKKSDEYTFATSADNHVTMWVDDQEVINKASNSNKIR,4242.594080000001,29.106536666667,7.705562785467919
327,336,SNSSTVAIDH,1030.04698,10.17115,1.2675086799808923
327,336,SNSSTVAIDH,1030.04698,10.934139999999998,0.4845884657975148
603,618,IAVGADESVVKEAHRE,1709.8551800000002,20.535431666667,1.796693846975586
