Start,End,Sequence,Peptide mass (Da),Retention time (min),Uptake FREE (D),Uptake COMPLEX (D),Uptake error (SD) - Free (D),Uptake error (SD) - Complex (D)
Start,End,Sequence,Peptide mass (Da),Retention time (min),0 min,0 min,0 min,0 min
35,67,KAVQDIVEQVKPLQQVANQGAGRPSEVPGVRTL,3512.969080000001,27.258843333333,8.756018897004802,4.32948057154196,0.40015059701344313,0.19597421570079931
36,66,AVQDIVEQVKPLQQVANQGAGRPSEVPGVRT,3271.639180000001,27.34618,6.854696396811202,3.5554775899445303,0.1345802149069881,0.5568452599043939
40,65,IVEQVKPLQQVANQGAGRPSEVPGVR,2757.109680000001,23.634918333333,7.577417981500427,4.092211649987651,0.4546659133794486,0.11535287917857232
28,67,IGPEKALKAVQDIVEQVKPLQQVANQGAGRPSEVPGVRTL,4221.81498,32.705615,8.866614807379847,4.26166515963511,0.49565206879376944,0.11702044225266878
40,66,IVEQVKPLQQVANQGAGRPSEVPGVRT,2858.213580000001,23.398821666667,8.24130231209377,4.090620364937422,0.4035214609305363,0.19114897982084955
36,67,AVQDIVEQVKPLQQVANQGAGRPSEVPGVRTL,3384.796780000001,28.623648333333,8.610272430201954,4.545325549919805,0.32279565716581415,0.15985495346632297
36,68,AVQDIVEQVKPLQQVANQGAGRPSEVPGVRTLT,3485.900680000001,28.460116666667,9.576760116836036,5.5314025158083195,0.4795595632261323,0.25364228591137034
39,67,DIVEQVKPLQQVANQGAGRPSEVPGVRTL,3086.458580000001,27.18871,8.494734715010509,4.471642633413467,0.42841224100544023,0.3962217550952177
37,67,VQDIVEQVKPLQQVANQGAGRPSEVPGVRTL,3313.718880000001,27.81151,12.222843937288872,8.623262614902766,0.566608324829254,0.1996665205692284
38,67,QDIVEQVKPLQQVANQGAGRPSEVPGVRTL,3214.587780000001,27.058256666667,11.641337676164161,8.880732313170332,0.3982762182212024,0.37667431012032937
36,69,AVQDIVEQVKPLQQVANQGAGRPSEVPGVRTLTL,3599.058280000001,29.916954999999998,9.042610317383454,4.581918153132999,0.4295724586125203,0.13307766752231465
40,67,IVEQVKPLQQVANQGAGRPSEVPGVRTL,2971.371180000001,25.087743333333,7.862625273354752,3.868339356070313,0.4547498254168206,0.16167721732168708
35,69,KAVQDIVEQVKPLQQVANQGAGRPSEVPGVRTLTL,3727.2305800000013,28.779636666667,9.167846902376823,4.572084721128552,0.3783794905948034,0.184283260952777
38,68,QDIVEQVKPLQQVANQGAGRPSEVPGVRTLT,3315.6916800000013,26.988413333332996,10.210475725459977,6.565982433035818,0.6223083928027946,0.28810961127144746
39,69,DIVEQVKPLQQVANQGAGRPSEVPGVRTLTL,3300.720080000001,29.091315,8.88688850884652,4.439728765226391,0.3763895120056067,0.18008285431773194
28,45,IGPEKALKAVQDIVEQVK,1965.2943800000003,32.386585,1.2184767303422934,0.6257852724167302,0.16805464581558438,0.13547451485175827
33,69,ALKAVQDIVEQVKPLQQVANQGAGRPSEVPGVRTLTL,3911.466080000001,31.125393333333,11.383113980619328,6.809724085863915,0.895498927480208,1.6812236012293604
40,68,IVEQVKPLQQVANQGAGRPSEVPGVRTLT,3072.475080000001,25.835171666667,8.285399551669798,4.041440825462208,0.6083132652956401,0.31834993688221597
36,65,AVQDIVEQVKPLQQVANQGAGRPSEVPGVR,3170.535280000001,27.335498333333,22.398172052004913,18.962481898236547,0.3016845625207883,0.143440596685842
72,91,WPFSAPFRVKGKEIQILRID,2400.8179800000003,31.259219999999996,1.966632111391694,0.8585034668390108,0.47371492347745753,0.060609769031829346
35,66,KAVQDIVEQVKPLQQVANQGAGRPSEVPGVRT,3399.811480000001,26.093985,11.286160564333537,10.136157446383246,0.2062837860916539,0.8152572272849505
28,66,IGPEKALKAVQDIVEQVKPLQQVANQGAGRPSEVPGVRT,4108.657380000001,32.323031666667,9.431652779609976,4.515998437754206,0.16904166652493957,0.33351351025333464
44,67,VKPLQQVANQGAGRPSEVPGVRTL,2501.83928,23.496693333333,7.374826306377145,3.435652381052023,0.4333391716274813,0.18022113394749692
44,65,VKPLQQVANQGAGRPSEVPGVR,2287.57778,21.660408333333,6.704266428443437,3.907692947336121,0.220439861729846,0.1868294583193325
28,69,IGPEKALKAVQDIVEQVKPLQQVANQGAGRPSEVPGVRTLTL,4436.07648,33.855296666666995,9.067145104867754,4.253588747381703,0.5673027691293664,0.20295465693137663
28,65,IGPEKALKAVQDIVEQVKPLQQVANQGAGRPSEVPGVR,4007.5534800000005,32.428211666667,8.848546608573997,4.471105772099236,0.21377413329585795,0.5303491195029881
28,67,IGPEKALKAVQDIVEQVKPLQQVANQGAGRPSEVPGVRTL,4221.81498,33.097233333333,8.86164509500577,4.256609592391517,0.47579041041060766,0.12739952840820065
35,67,KAVQDIVEQVKPLQQVANQGAGRPSEVPGVRTL,3512.969080000001,27.288783333333,8.80466454707645,4.289256764976017,0.5286144073204396,0.17398493475185253
43,69,QVKPLQQVANQGAGRPSEVPGVRTLTL,2844.2299800000005,26.554805,7.400124664987136,3.5275982735846205,0.5317216309788292,0.16065170853559999
39,69,DIVEQVKPLQQVANQGAGRPSEVPGVRTLTL,3300.720080000001,29.151626666667003,9.098989442270826,4.518668936287668,0.3573852755814287,0.17244330374892824
14,25,AADLDAIYDHYV,1365.4433800000002,32.050475,2.5171924014344618,1.645618682209033,0.5847009325418708,0.2866101874734646
28,69,IGPEKALKAVQDIVEQVKPLQQVANQGAGRPSEVPGVRTLTL,4436.07648,33.469185,9.08500190877779,4.3294103553316745,0.5310713872984223,0.1422204555266264
43,67,QVKPLQQVANQGAGRPSEVPGVRTL,2629.9684800000005,24.414586666667,7.51504050292336,3.536518205126413,0.4435750863455539,0.12006593126334662
35,68,KAVQDIVEQVKPLQQVANQGAGRPSEVPGVRTLT,3614.0729800000013,26.967753333333,16.372218609875137,11.323380412063367,0.7305561368329773,0.09024745728095547
40,69,IVEQVKPLQQVANQGAGRPSEVPGVRTLTL,3185.632680000001,28.121485,8.107808419801131,3.8416451183511526,0.5222993903277137,0.11783177744098944
28,68,IGPEKALKAVQDIVEQVKPLQQVANQGAGRPSEVPGVRTLT,4322.91888,32.691371666667,9.558095568213503,4.6453724214731364,0.4381603797312129,0.34178430508379115
12,23,KAAADLDAIYDH,1302.3891800000004,24.14365,0.5369222430476839,1.1326370543655078,0.10524410923944914,1.364596303856781
46,69,PLQQVANQGAGRPSEVPGVRTLTL,2488.79738,28.63326,5.682426999560903,4.374990866620465,0.3401774285664344,0.3563107638704017
46,65,PLQQVANQGAGRPSEVPGVR,2060.27438,21.414936666667,6.698018615911981,3.813452611930643,0.9783220157903953,0.21401281658605495
68,89,TLERWPFSAPFRVKGKEIQILR,2672.13418,29.096988333333,1.8363756051113949,0.5953994908445566,0.19593387160539838,0.06083791399718408
36,67,AVQDIVEQVKPLQQVANQGAGRPSEVPGVRTL,3384.796780000001,28.70865,8.692616340983022,4.375554572915007,0.4150925097589113,0.17783344895585942
68,91,TLERWPFSAPFRVKGKEIQILRID,2900.37918,30.638066666667,1.9142083031695922,0.640992514045441,0.22505730843183258,0.03313502497586898
44,65,VKPLQQVANQGAGRPSEVPGVR,2287.57778,21.682191666667,7.6526282052386705,2.953434896066483,0.704189357243342,1.020883915453559
39,65,DIVEQVKPLQQVANQGAGRPSEVPGVR,2872.197080000001,25.988123333333,8.975661956093518,5.93542179801246,0.17601163006028014,0.5246768723216623
72,86,WPFSAPFRVKGKEIQ,1790.0720800000001,28.160291666667,1.3454453467742649,0.5683070439270068,0.1861355721666643,0.22105745613949115
25,39,VVLIGPEKALKAVQD,1579.8788800000002,26.879291666667005,1.6033673891031412,0.8331827695180133,0.08050583804769784,0.1640484571033673
42,67,EQVKPLQQVANQGAGRPSEVPGVRTL,2759.0824800000005,24.87703,6.270000027087765,4.128024534427823,0.4593515772913974,0.17385330705695076
40,67,IVEQVKPLQQVANQGAGRPSEVPGVRTL,2971.371180000001,25.869768333333,7.934798174759483,3.9093622801192396,0.4683124107824612,0.1874512460002644
46,66,PLQQVANQGAGRPSEVPGVRT,2161.37828,21.775951666667,7.470340661765022,3.951487508325196,0.6845485005032087,0.2374886094031906
14,24,AADLDAIYDHY,1266.31228,29.385288333333,0.43837932575327915,0.24642716063044645,0.04235789681325761,0.030133316872066135
13,23,AAADLDAIYDH,1174.2168800000002,26.435193333333,0.44307068279719414,0.32833783734448235,0.03215719339284689,0.01023057729183789
46,68,PLQQVANQGAGRPSEVPGVRTLT,2375.63978,24.350363333333,7.037153861908943,3.557824894004019,0.4010360009741754,0.19717044694441005
40,65,IVEQVKPLQQVANQGAGRPSEVPGVR,2757.109680000001,23.342263333333,8.201390904393369,4.161800427213772,0.40041071735581607,0.1688812479388472
43,65,QVKPLQQVANQGAGRPSEVPGVR,2415.7069800000004,21.904280000000004,6.535070607857658,3.589164255747164,0.7054639335295806,0.5244946925312395
37,69,VQDIVEQVKPLQQVANQGAGRPSEVPGVRTLTL,3527.980380000001,29.291818333333,9.158938964696366,4.922160289436003,0.21765552361576468,0.09716392166307762
44,67,VKPLQQVANQGAGRPSEVPGVRTL,2501.83928,23.476303333333,7.3680169944254885,3.4341793614566996,0.45077760514963516,0.17010144881223238
28,65,IGPEKALKAVQDIVEQVKPLQQVANQGAGRPSEVPGVR,4007.5534800000005,32.302015,8.38352775173295,4.372673467508169,0.2944651156137083,0.33974066854055585
43,66,QVKPLQQVANQGAGRPSEVPGVRT,2516.8108800000005,22.077183333333,8.63096974436121,4.033055542081304,0.7056947424614073,0.28307732063403
68,79,TLERWPFSAPFR,1506.70548,31.25413,1.0792125826304375,0.4679309973056813,0.07906159827492804,0.044418900069605735
28,39,IGPEKALKAVQD,1268.45908,20.502935,0.8317813567885727,0.381838064151907,0.09327864468524692,0.039854181339110735
35,69,KAVQDIVEQVKPLQQVANQGAGRPSEVPGVRTLTL,3727.2305800000013,28.881323333333,9.171596669774772,4.663136677717527,0.2642482082321285,0.33646012253845375
70,83,ERWPFSAPFRVKGK,1704.97098,26.808045,1.4793947258475935,0.5714759442738947,0.170142721023773,0.05140652993296052
46,67,PLQQVANQGAGRPSEVPGVRTL,2274.53588,26.438613333333,4.657261894317647,2.986270737710735,0.5560530920267702,0.14260907691950456
43,65,QVKPLQQVANQGAGRPSEVPGVR,2415.7069800000004,21.949885,7.987934182018004,4.241358576260761,0.7372926153881677,0.461169976157975
43,66,QVKPLQQVANQGAGRPSEVPGVRT,2516.8108800000005,22.066595,12.426948594404317,11.69427149210363,2.65784475760704,1.7722930612667147
43,67,QVKPLQQVANQGAGRPSEVPGVRTL,2629.9684800000005,23.875353333333,7.532282128535826,3.530976186487654,0.43774057677967804,0.1468938366430482
36,52,AVQDIVEQVKPLQQVAN,1879.1189800000002,27.724196666667,5.156421270045257,4.070271353468949,0.2317669628499747,0.2477353832868761
43,69,QVKPLQQVANQGAGRPSEVPGVRTLTL,2844.2299800000005,26.358321666667,7.499429453269992,3.5615591271325684,0.47967730658603147,0.19415366023759323
44,69,VKPLQQVANQGAGRPSEVPGVRTLTL,2716.10078,26.750108333333,7.178777162358074,3.3913747841468953,0.48464740909347354,0.13873141642400588
40,69,IVEQVKPLQQVANQGAGRPSEVPGVRTLTL,3185.632680000001,28.060961666667,8.298369517583069,3.9577154931894256,0.5199401569002305,0.08820959552379014
72,83,WPFSAPFRVKGK,1419.67128,28.073651666667,2.3176148278509268,1.7850493097755589,0.10552113452423653,0.019470354650254332
36,69,AVQDIVEQVKPLQQVANQGAGRPSEVPGVRTLTL,3599.058280000001,29.99492,9.08424514712442,4.530245495568579,0.44920265545929444,0.13944880907832666
46,58,PLQQVANQGAGRP,1335.46868,19.352111666667,4.798960866434754,-444.1619233225087,0.4866977300972136,773.6389575438844
49,69,QVANQGAGRPSEVPGVRTLTL,2150.3953800000004,26.511295,4.788295171688181,2.49620770194997,0.48301405877270936,0.09544723963298138
12,27,KAAADLDAIYDHYVVL,1776.9822800000004,32.289063333333,1.224726241504868,1.5464780937785843,0.44141559589394674,0.734578857619529
14,23,AADLDAIYDH,1103.1389800000002,25.817226666667,0.3028264074841142,0.2560828156581465,0.04293088888088719,0.011556007809643385
80,91,VKGKEIQILRID,1411.68898,23.957468333333,0.8896125601659151,0.24742129513250197,0.08560680988204568,0.04156532119757135
80,91,VKGKEIQILRID,1411.68898,24.08121,0.9158863534634444,0.24198606720422808,0.07869811039693951,0.032241272027604566
36,68,AVQDIVEQVKPLQQVANQGAGRPSEVPGVRTLT,3485.900680000001,28.498238333333,9.620383833775577,6.05542507413232,0.8849172858799959,1.2711729192443433
38,66,QDIVEQVKPLQQVANQGAGRPSEVPGVRT,3101.430180000001,25.88715,12.61418063960779,8.778392123664617,0.5270264879190003,0.5484411161820489
38,67,QDIVEQVKPLQQVANQGAGRPSEVPGVRTL,3214.587780000001,27.330066666667,11.019941067359317,10.212189061002542,0.547167735319936,0.16158732804100787
70,89,ERWPFSAPFRVKGKEIQILR,2457.87268,28.362851666667,1.6406344428043365,0.442586152367312,0.18435124929071817,0.047322200680403874
37,67,VQDIVEQVKPLQQVANQGAGRPSEVPGVRTL,3313.718880000001,27.710231666666996,12.5643240856701,13.953459381604716,2.1535336536921164,1.9437376640510244
48,67,QQVANQGAGRPSEVPGVRTL,2064.26308,23.002586666667,7.191281890438556,4.561325190720709,0.7992291680215384,0.1220904811422365
9,23,WTRKAAADLDAIYDH,1745.8886800000002,25.195126666667,0.9496786119078328,0.6139745733106944,0.07067516948645729,0.027882975758830766
68,79,TLERWPFSAPFR,1506.70548,31.219565,1.0493902641883324,0.38150795714182095,0.09170064131280417,0.04559748429685612
30,39,PEKALKAVQD,1098.25018,20.437391666667,0.6670381828278096,0.30199839060045025,0.16375268763737807,0.04652369136706177
35,65,KAVQDIVEQVKPLQQVANQGAGRPSEVPGVR,3298.707580000001,26.111614999999997,14.701829162210592,13.868685476661085,1.6047938305907692,1.573254284632106
40,66,IVEQVKPLQQVANQGAGRPSEVPGVRT,2858.213580000001,23.469675,8.285194434808545,4.136178507254802,0.3989937345986681,0.1752324654317344
49,68,QVANQGAGRPSEVPGVRTLT,2037.2377800000004,22.662688333333,6.367931973292495,3.196810915753076,0.4618876706010425,0.1140025047613324
44,66,VKPLQQVANQGAGRPSEVPGVRT,2388.68168,21.781368333333,8.111867756584767,4.17633613344636,0.6129098116000022,0.2666364082445199
14,26,AADLDAIYDHYVV,1464.5744800000002,32.590675,1.0254318355544,0.5228236788848335,0.5879911848992063,0.5614156464481154
6,21,SLKWTRKAAADLDAIY,1822.0691799999997,27.673041666667,2.3332226332075456,1.2006678331739902,0.2806606244262758,0.48905288029905963
42,67,EQVKPLQQVANQGAGRPSEVPGVRTL,2759.0824800000005,24.896363333333,8.815904086567722,2.6663430151281013,2.485415146497549,0.5421481488413407
68,88,TLERWPFSAPFRVKGKEIQIL,2515.94848,31.44159,1.8711200358913327,0.6093692622303024,0.1775899971174121,0.02789433539253718
28,45,IGPEKALKAVQDIVEQVK,1965.2943800000003,32.057045,1.4097222859062033,0.7420038969321467,0.08618332463804071,0.055455811524299306
40,58,IVEQVKPLQQVANQGAGRP,2032.3039800000004,22.982896666667,7.48374778857207,6.582719043366144,0.4612778449891847,0.3342264450939459
39,67,DIVEQVKPLQQVANQGAGRPSEVPGVRTL,3086.458580000001,27.5658,7.679612073789182,5.071428181431656,0.46449570886456465,1.507677878313208
28,39,IGPEKALKAVQD,1268.45908,22.419126666667,0.7069189384549949,0.39840011988151974,0.06854601441093268,0.03259897324628928
70,79,ERWPFSAPFR,1292.44398,30.265473333333,0.7683506866295223,0.21830063531638189,0.11683709146792529,0.02111143639900247
72,89,WPFSAPFRVKGKEIQILR,2172.5729800000004,29.512073333333,1.4159326587241594,1.0509788792213233,0.09448567923526782,0.11386556592580985
9,27,WTRKAAADLDAIYDHYVVL,2220.48178,32.628625,1.465758151367633,0.9273981030247948,0.12543084450728922,0.021593345858171558
80,89,VKGKEIQILR,1183.44398,18.506483333333,0.7199932030329516,0.1755072743838658,0.10522125420470044,0.036479282260062966
10,27,TRKAAADLDAIYDHYVVL,2034.27188,30.933815,1.0391905263589554,0.5145007194508556,0.1039622150832128,0.029076023853252954
15,23,ADLDAIYDH,1032.0610800000002,25.805818333333,0.15624831538252693,0.08500612348067686,0.04790169551396671,0.03117179422004815
40,68,IVEQVKPLQQVANQGAGRPSEVPGVRTLT,3072.475080000001,24.962258333333,8.477641510188883,4.358167896375714,0.4526661748374188,0.23746017330541352
82,91,GKEIQILRID,1184.3855800000001,25.873713333333,0.8050622355324322,0.18001158319869623,0.06340446675691985,0.010160421950736088
44,69,VKPLQQVANQGAGRPSEVPGVRTLTL,2716.10078,26.677920000000004,7.1066165190372885,3.360571766847746,0.5182849011547793,0.13662627999194277
10,23,TRKAAADLDAIYDH,1559.67878,22.651878333333,0.7053231645641821,0.3777196269093868,0.10578240842957204,0.07379833900159803
28,38,IGPEKALKAVQ,1153.3716800000002,20.63833,0.8217088414335194,0.38934215971031944,0.062152469506501475,0.01159462837808095
37,69,VQDIVEQVKPLQQVANQGAGRPSEVPGVRTLTL,3527.980380000001,29.378233333333,9.390254743203817,5.021322508564784,0.21154590008399832,0.4048678418814614
70,81,ERWPFSAPFRVK,1519.74738,28.367411666667,2.65839714137663,3.251451328022464,0.5428882490178123,0.46057207500887165
7,23,LKWTRKAAADLDAIYDH,1987.21858,26.295576666667,1.9334055031087398,0.9509948046010473,0.21302873974264688,0.024783734201731
71,89,RWPFSAPFRVKGKEIQILR,2328.7586800000004,28.48812,1.635764946587642,0.3918623457140408,0.11801756680996975,0.03044987995372589
39,67,DIVEQVKPLQQVANQGAGRPSEVPGVRTL,3086.458580000001,27.218108333333,8.631801508692812,4.428880189154825,0.47628442108436125,0.14606590692066537
73,81,PFSAPFRVK,1048.2377800000002,25.055665,1.54222686334856,0.048767035337126195,0.007888890370177546,0.16086068983009005
39,52,DIVEQVKPLQQVAN,1580.78078,25.65068,3.6519022617509713,1.666782808496464,0.0630233391537666,0.09004869674624627
46,67,PLQQVANQGAGRPSEVPGVRTL,2274.53588,24.601411666667,6.136878781930591,2.82950034391024,0.3349514223244412,0.1234638167476423
70,91,ERWPFSAPFRVKGKEIQILRID,2686.11768,30.069488333333002,1.9141520369162208,1.0903582080779113,0.16141800235550335,0.035059069975705
72,89,WPFSAPFRVKGKEIQILR,2172.5729800000004,29.707953333333,1.7315845896608455,0.4727722058613229,0.13484502744723806,0.04051673830014174
40,49,IVEQVKPLQQ,1181.3817800000002,21.319073333333,1.5548907145987414,0.34951439013639174,0.05351054084325573,0.03144246034115384
39,68,DIVEQVKPLQQVANQGAGRPSEVPGVRTLT,3187.562480000001,27.046318333333,7.076110580360364,4.26817672643286,0.4048934513639717,0.9793388984628372
68,83,TLERWPFSAPFRVKGK,1919.2324800000001,27.645908333333,1.829825014672906,1.2407508491222263,0.13813633700096395,0.12926771828090783
43,68,QVKPLQQVANQGAGRPSEVPGVRTLT,2731.0723800000005,23.89496,7.961027091590192,3.7621754294538428,0.5085074355253582,0.30670996665547656
30,38,PEKALKAVQ,983.1627799999999,20.44127,0.6319265222944068,0.2962577336451962,0.03496242102108804,0.015277404556886311
68,86,TLERWPFSAPFRVKGKEIQ,2289.63328,28.257536666667,2.30376623475604,0.8530207428470931,0.30518241688856806,0.03334235897177466
46,57,PLQQVANQGAGR,1238.35348,13.979636666667,-823.9875022873721,-1240.368032,721.1922327447143,0.0
14,27,AADLDAIYDHYVVL,1577.7320800000002,34.422051666667,0.45963937285030926,0.33168877539659053,0.05688925346507677,0.03671819006230993
43,68,QVKPLQQVANQGAGRPSEVPGVRTLT,2731.0723800000005,24.219073333333004,7.962455134751811,3.8938584570573767,0.41105341591857797,0.2473005970723258
68,86,TLERWPFSAPFRVKGKEIQ,2289.63328,27.608938333333,1.5402227487952587,0.5562256600176928,0.218981406829327,0.07172180175230257
28,42,IGPEKALKAVQDIVE,1609.8617800000002,29.639245,1.0063186242643951,0.509597480228725,0.02350519881600672,0.05079564520677538
13,27,AAADLDAIYDHYVVL,1648.8099800000002,34.53864,0.5838371050683691,0.40725184565841727,0.022090918580101513,0.008911672142013155
50,67,VANQGAGRPSEVPGVRTL,1808.0046800000002,23.18386,4.524536008767427,2.0752946722933907,0.44088690792566015,0.07580988051614196
