Sequence,Start,End,Relative Uptake,Relative Fractional Uptake,Significant
DQQTSQNIKN,555,564,0.49948531927255635,0.49948531927255635,No
NKKEVISSDN,141,150,0.7177980545148634,0.7177980545148634,No
QEVINKASNSNK,94,105,-0.8204812068465044,-0.8204812068465044,No
YQRENPTEK,120,128,0.07906258726537496,0.07906258726537496,No
DESVVKEAH,608,616,-0.8801242550221482,-0.8801242550221482,No
QEVINKASNSNKIR,94,107,-0.6004555923509547,-0.6004555923509547,No
VINKASNSNKIR,96,107,-0.7096852478941837,-0.7096852478941837,No
KNVSPEARHPL,245,255,-1.038495575905851,-1.038495575905851,No
NTADTARLN,353,361,-0.08650904668725912,-0.08650904668725912,No
SSTVAIDH,329,336,-1.0596384242744912,-1.0596384242744912,No
ATIKAKENQLSQ,392,403,-1.9852839120359254,-1.9852839120359254,No
NTADTARLNAN,353,363,-1.2662173117729096,-1.2662173117729096,No
SNSSTVAIDH,327,336,-0.4928123437236992,-0.4928123437236992,No
VYAVTKEN,698,705,0.042781076508427995,0.042781076508427995,No
SNSNSSTVAIDH,325,336,-1.9154464324489404,-1.9154464324489404,No
GKNQTLATIK,386,395,0.9118322894355897,0.9118322894355897,Yes
IQYQRENPTEK,118,128,-0.10214153144571969,-0.10214153144571969,No
STSAGPTVPDRDN,168,180,-0.5700567159189709,-0.5700567159189709,No
FDQQTSQNIKNQ,554,565,0.22014493423489512,0.22014493423489512,No
FDQQTSQNIK,554,563,-1.0855195566746252,-1.0855195566746252,No
DKIKLNAKMN,579,588,-0.26919743227426807,-0.26919743227426807,No
STSAGPTVPDRDND,168,181,-0.16397026076841348,-0.16397026076841348,No
NTADTARL,353,360,0.005599500592249229,0.005599500592249229,No
NKKEVISSDNLQ,141,152,-0.2422906128545037,-0.2422906128545037,No
MVVTSSTTGD,33,42,-0.0682384392076758,-0.0682384392076758,No
ISNPNYKVN,689,697,-0.04396290613165854,-0.04396290613165854,No
DTARLNANIR,356,365,-0.3065429680467937,-0.3065429680467937,No
NFDQQTSQNIKN,553,564,0.010715829822856904,0.010715829822856904,No
APNNYYPSK,406,414,-0.04870074673499358,-0.04870074673499358,No
NRLLNESESSSQ,6,17,-0.5015147618301703,-0.5015147618301703,No
VDDQEVINKASNSNK,91,105,-0.34338273777817996,-0.34338273777817996,No
NFDQQTSQNIK,553,563,-0.03447601398685629,-0.03447601398685629,No
NFDQQTSQNIKNQ,553,565,0.013808574009848584,0.013808574009848584,No
IEDTEGLKE,646,654,-0.9941283064177542,-0.9941283064177542,No
VLGKNQTLATIKAKEN,384,399,-0.28710387276358595,-0.28710387276358595,No
FSNSNSSTVAIDH,324,336,0.4812034259516622,0.4812034259516622,No
INPSENGDTSTNGIKK,708,723,-0.2203397371825595,-0.2203397371825595,No
TIINPSENGDTSTNGIKK,706,723,-0.449614005717649,-0.449614005717649,No
NPSENGDTSTNGIKK,709,723,-0.16548820445625,-0.16548820445625,No
SQNKKEVISSDNLQLPELKQKSSNSRKKR,139,167,-0.13399932512356916,-0.13399932512356916,No
VDDQEVINKASNSNKIR,91,107,-0.3383100442787663,-0.3383100442787663,No
IAVGADESVVKEAHRE,603,618,-0.22088123382256253,-0.22088123382256253,No
VKKSDEYTFATSADNH,71,86,-0.8833644287441693,-0.8833644287441693,No
LGKNQTLATIK,385,395,-0.20254228618076286,-0.20254228618076286,No
VLGKNQTLATIK,384,395,-0.24207754685676264,-0.24207754685676264,No
APMVVTSSTTGD,31,42,0.1538907950494679,0.1538907950494679,No
YISNPNYKVN,688,697,-0.5801758612455314,-0.5801758612455314,No
TIINPSENGDTSTN,706,719,-0.2824064952391536,-0.2824064952391536,No
IAVGADESVVK,603,613,0.16432916429676014,0.16432916429676014,No
VGADESVVK,605,613,-0.13247502113370002,-0.13247502113370002,No
GFSNSNSSTVAIDH,323,336,-0.2592769167852871,-0.2592769167852871,No
PTTSLVLGKNQ,379,389,-0.004734842577970078,-0.004734842577970078,No
LETTKPDMTLKEA,514,526,-0.1194529745597872,-0.1194529745597872,No
SLSLAGERT,337,345,-0.13565694474281553,-0.13565694474281553,No
NQTLATIKA,388,396,-0.03441267230683298,-0.03441267230683298,No
WTDSQNKKEVISSDNLQLPELKQKSSNSRKKR,136,167,0.24236346744464576,0.24236346744464576,No
PTTSLVLGKN,379,388,0.007461329065487687,0.007461329065487687,No
TLATIKAKENQL,390,401,-0.39318252364622275,-0.39318252364622275,No
NNIAVGADESVVK,601,613,-0.09782036830946095,-0.09782036830946095,No
IKVKKSDEYTF,69,79,-1.1208721771471724,-1.1208721771471724,No
NIAVGADESVVK,602,613,-0.10433645949016568,-0.10433645949016568,No
TYNFENGR,461,468,-0.19836671653183702,-0.19836671653183702,No
GNAEVHASF,305,313,-0.16119707510976378,-0.16119707510976378,No
TIINPSENGDTSTNGIK,706,722,-1.4464415856688584,-1.4464415856688584,No
PTTSLVLGK,379,387,-0.17962386033461064,-0.17962386033461064,No
NNIAVGADESVVKE,601,614,-0.16178724916532383,-0.16178724916532383,No
GFNEPNGNLQYQGK,532,545,-0.11039043257058756,-0.11039043257058756,No
NIAVGADESVVKE,602,614,0.3316037627896544,0.3316037627896544,No
GLNTADTARL,351,360,-0.0844902085371666,-0.0844902085371666,No
AVNPSDPLETTKPD,507,520,-1.2886956670017757,-1.2886956670017757,No
NKRTFLSPWISNIHEKKGLTKYKSSPEK,198,225,1.026157835742803,1.026157835742803,Yes
LETTKPDMTLKEALK,514,528,0.09922736956787048,0.09922736956787048,No
GFNEPNGNLQYQGKD,532,546,3.1140316462153805,3.1140316462153805,Yes
SENGDTSTNGIKKIL,711,725,-0.1456672927289837,-0.1456672927289837,No
YKSSPEKWSTASDPYSD,219,235,0.8799545951696168,0.8799545951696168,Yes
KWSTASDPYSD,225,235,-0.2070824185113906,-0.2070824185113906,No
PSENGDTSTNGIKKIL,710,725,-1.0787127072397507,-1.0787127072397507,No
AVNPSDPLETTKP,507,519,-0.35669198377756084,-0.35669198377756084,No
PTTSLVLGKNQTLATIKAKEN,379,399,-0.2639011985517472,-0.2639011985517472,No
SNSSTVAIDHSL,327,338,-0.5724081039559223,-0.5724081039559223,No
KNVSPEARHPLVAAYPIVHVD,245,265,-0.11143648773213499,-0.11143648773213499,No
SEVLPQIQETTAR,478,490,-0.02020726469921419,-0.02020726469921419,No
PTTSLVLGKNQTLATIKAKE,379,398,-0.3668239305297911,-0.3668239305297911,No
LYISNPNYKVN,687,697,-0.8790082599894049,-0.8790082599894049,No
VERRIAAVNPSDPLETTKPDMTLKEA,501,526,-1.2103420353455472,-1.2103420353455472,No
SPEKWSTASDPYSD,222,235,-0.14796289854461975,-0.14796289854461975,No
ISNPNYKVNVY,689,699,1.0840455083765996,1.0840455083765996,Yes
SDPLETTKPDMTLKEA,511,526,-1.223798692711777,-1.223798692711777,No
SSPEKWSTASDPYSD,221,235,0.0589306914927572,0.0589306914927572,No
TASDPYSDFEK,228,238,-0.14327879116657094,-0.14327879116657094,No
SQILAPNNYYPSKN,402,415,-0.7569145899709993,-0.7569145899709993,No
YQRENPTEKGLDF,120,132,-3.017311654998442,-3.017311654998442,No
PTTSLVLGKNQTLATIK,379,395,-0.19124085153612258,-0.19124085153612258,No
VTKENTIINPSENGDTSTNGIKKIL,701,725,0.040654780823540015,0.040654780823540015,No
VAAYPIVHVD,256,265,0.3906272106992219,0.3906272106992219,No
AVNPSDPLETTKPDM,507,521,-1.8660785500997767,-1.8660785500997767,No
PSDPLETTKPDMTLKE,510,525,-0.2773492982470702,-0.2773492982470702,No
DFNFDQQTSQNIKN,551,564,0.024709757882949823,0.024709757882949823,No
YKSSPEKWSTASDPYSDFEK,219,238,1.7640733756860147,1.7640733756860147,Yes
DFNFDQQTSQNIKNQ,551,565,0.07850308706717168,0.07850308706717168,No
WSTASDPYSD,226,235,-0.01911280879403421,-0.01911280879403421,No
NPSDPLETTKPDMTLKEA,509,526,-1.989551185132313,-1.989551185132313,No
IRYVNTGTAPIY,364,375,-0.2587780404820327,-0.2587780404820327,No
IQYQRENPTEKGLDF,118,132,-0.6959208306773994,-0.6959208306773994,No
HPLVAAYPIVHVD,253,265,0.08483576111863528,0.08483576111863528,No
TDQVYGNIATYN,452,463,0.33146912181859944,0.33146912181859944,No
YQRENPTEKGLDFKL,120,134,-0.2155563620430403,-0.2155563620430403,No
IAAVNPSDPLETTKPDM,505,521,-0.6991777492863402,-0.6991777492863402,No
DFNFDQQTSQN,551,561,0.10370517944746371,0.10370517944746371,No
FGFNEPNGNLQYQGK,531,545,-0.604165354675767,-0.604165354675767,No
NVLPTTSLVLGKNQ,376,389,-0.23968739044562426,-0.23968739044562426,No
DFNFDQQTSQ,551,560,-0.22924342112037221,-0.22924342112037221,No
PTTSLVLGKNQTLATIKAKENQL,379,401,0.9738963154716931,0.9738963154716931,Yes
NFQAPMVVTSSTTGD,28,42,-0.04289320523154583,-0.04289320523154583,No
NLAPIALNAQDD,415,426,0.582303189282583,0.582303189282583,No
YQRENPTEKGLDFKLY,120,135,-0.12121019969799818,-0.12121019969799818,No
GLTKYKSSPEKWSTASDPYSDFEKVTGR,215,242,6.889636041512251,6.889636041512251,Yes
LVAAYPIVHVD,255,265,0.19273025445575825,0.19273025445575825,No
NVLPTTSLVLGKN,376,388,-0.14995672363587187,-0.14995672363587187,No
NYYPSKNLAPIALNAQDD,409,426,-2.0353210469680407,-2.0353210469680407,No
TDQVYGNIATYNFENGRVR,452,470,1.1050356416356717,1.1050356416356717,Yes
IQYQRENPTEKGLDFKLY,118,135,-0.15262688791472123,-0.15262688791472123,No
LPLYISNPNYKVN,685,697,-0.26179082807054055,-0.26179082807054055,No
ATSADNHVTMW,80,90,-0.018028738131306427,-0.018028738131306427,No
YKSSPEKWSTASDPYSDFEKVTGR,219,242,0.7964069964923506,0.7964069964923506,Yes
QQTSQNIKNQLAEL,556,569,-0.022092764226196326,-0.022092764226196326,No
TFLSPWISNIHEKKGLTK,201,218,-0.8981380850750611,-0.8981380850750611,No
TDQVYGNIATY,452,462,-0.4451261788413672,-0.4451261788413672,No
LQYQGKDITEF,540,550,-0.47967371762092603,-0.47967371762092603,No
LTKYKSSPEKWSTASDPYSDFEKVTGRID,216,244,-0.3340649488092531,-0.3340649488092531,No
RLDTDQVYGNIATYNFENGRVR,449,470,-1.4608725627226695,-1.4608725627226695,No
GLTKYKSSPEKWSTASDPYSDFEKVTGRID,215,244,-0.34137320521206993,-0.34137320521206993,No
WSTASDPYSDFEK,226,238,0.04383028677542222,0.04383028677542222,No
EPNGNLQYQGKDITEF,535,550,-0.3063022727866005,-0.3063022727866005,No
SLSLAGERTWA,337,347,1.0301848016204067,1.0301848016204067,Yes
DSLEVEGYTVDVK,185,197,-1.840412246462999,-1.840412246462999,No
QLSQILAPNNYYPSK,400,414,0.639138964155487,0.639138964155487,No
TEKGLDFKLY,126,135,-0.2607991882410563,-0.2607991882410563,No
SLSLAGERTW,337,346,-0.2514794776861127,-0.2514794776861127,No
VNPSDPLETTKPDMTL,508,523,-1.4470665618836547,-1.4470665618836547,No
VKKSDEYTFATSADNHVTMW,71,90,0.20346110090576985,0.20346110090576985,No
IKVKKSDEYTFATSADNHVTMWVDDQEVINKASNSNKIR,69,107,-1.4447625495834764,-1.4447625495834764,No
YKSSPEKWSTASDPYSDFEKVTGRID,219,244,-0.35092242341534075,-0.35092242341534075,No
AVNPSDPLETTKPDMTL,507,523,-3.2221640395648605,-3.2221640395648605,No
PLVAAYPIVHVD,254,265,0.19082986843977784,0.19082986843977784,No
ENPTEKGLDFKLY,123,135,-3.569249026372139,-3.569249026372139,No
FDIGGSVSAGFSNSNSSTVAIDH,314,336,0.24737472532190985,0.24737472532190985,No
TFLSPWISNIHEKK,201,214,-0.11694583258796887,-0.11694583258796887,No
STSAGPTVPDRDNDGIPDSLEVEGYTVDVK,168,197,-0.23312162267075154,-0.23312162267075154,No
SSTEGLLLNIDKD,622,634,-0.10970551613468205,-0.10970551613468205,No
VKKSDEYTFATSADNHVTMWVDDQEVINKASNSNKIR,71,107,-0.42637409968786777,-0.42637409968786777,No
LSPWISNIH,203,211,-0.0739897122729567,-0.0739897122729567,No
DDFSSTPITMNYN,425,437,-0.2959593800795419,-0.2959593800795419,No
SQILAPNNYYPSKNLAPIALNAQDD,402,426,-0.3878454270046259,-0.3878454270046259,No
SQILAPNNYYPSKNLAPIALNAQD,402,425,0.31599571110397395,0.31599571110397395,No
GFNEPNGNLQYQGKDITEF,532,550,-0.23582597887601287,-0.23582597887601287,No
SQILAPNNYYPSKNLAPIALN,402,422,-0.2794603088397407,-0.2794603088397407,No
GIPDSLEVEGYTVDVK,182,197,0.7019924565859874,0.7019924565859874,No
TFLSPWISNIHEKKGL,201,216,0.14732122080219234,0.14732122080219234,No
VINSSTEGLLLNIDKD,619,634,-0.36993419930073923,-0.36993419930073923,No
TDQVYGNIATYNFEN,452,466,-0.21555219726504582,-0.21555219726504582,No
NAQDDFSSTPITMNY,422,436,-0.38484167115643597,-0.38484167115643597,No
AQDDFSSTPITMNY,423,436,-0.1725736730863141,-0.1725736730863141,No
DDFSSTPITMNY,425,436,-0.07664491937104367,-0.07664491937104367,No
DFSSTPITMNY,426,436,-0.09525754698203537,-0.09525754698203537,No
WSTASDPYSDFEKVTGRID,226,244,-0.1936608727884659,-0.1936608727884659,No
LLNESESSSQGLLGY,8,22,-0.30374186626742583,-0.30374186626742583,No
SQILAPNNYYPSKNLAPIAL,402,421,-0.24357754604079673,-0.24357754604079673,No
QLSQILAPNNYYPSKNLAPIALNAQDD,400,426,-0.11356907864016108,-0.11356907864016108,No
ANIRYVNTGTAPIYNVLPTTSLVLGK,362,387,0.32223760472788854,0.32223760472788854,No
FDIGGSVSAGFSNSNSSTVAIDHSL,314,338,0.9896601833699297,0.9896601833699297,Yes
SLSLAGERTWAETMGLNTADTARLNANIR,337,365,-0.6186364281390198,-0.6186364281390198,No
SAIWSGFIK,62,70,0.026407808844661915,0.026407808844661915,No
NGNLQYQGKDITEFDF,537,552,0.4802257982356273,0.4802257982356273,No
VYGNIATYNF,455,464,-0.4858121532323967,-0.4858121532323967,No
LQYQGKDITEFDF,540,552,0.3856733838048658,0.3856733838048658,No
LKIAFGFNEPNGNLQYQ,527,543,-0.036032398022824985,-0.036032398022824985,No
TDQVYGNIATYNF,452,464,-0.33802921049004864,-0.33802921049004864,No
WSTASDPYSDF,226,236,0.01017358708456112,0.01017358708456112,No
SQILAPNNYYPSKNLAPIALNAQDDFSSTPITMN,402,435,-1.3248563069955726,-1.3248563069955726,No
YVNTGTAPIYNVL,366,378,-0.015774588705501857,-0.015774588705501857,No
NQLSQILAPNNYYPSKNLAPIALNAQDD,399,426,-0.35347035696289275,-0.35347035696289275,No
DTDQVYGNIATYNF,451,464,-0.38955940669976874,-0.38955940669976874,No
NAQDDFSSTPITMNYNQF,422,439,-0.07290459681295669,-0.07290459681295669,No
QLSQILAPNNYYPSKNLAPIAL,400,421,-0.3036066390025871,-0.3036066390025871,No
FDIGGSVSAGFSNSNSSTVAIDHSLSLAGERTW,314,346,-0.36986348693077886,-0.36986348693077886,No
DDFSSTPITMNYNQF,425,439,-0.2125518421067536,-0.2125518421067536,No
SQILAPNNYYPSKNLAPIALNAQDDFSSTPITM,402,434,-0.3592019673854647,-0.3592019673854647,No
LLNESESSSQGLLGYY,8,23,0.11610802658689634,0.11610802658689634,No
SQILAPNNYYPSKNLAPIALNAQDDFSSTPITMNY,402,436,-0.5859071826049949,-0.5859071826049949,No
ILAPNNYYPSKNLAPIALNAQDDFSSTPITMNY,404,436,-2.3870932024445493,-2.3870932024445493,No
QLSQILAPNNYYPSKNLAPIALNAQDDF,400,427,0.9910195001895499,0.9910195001895499,Yes
TFLSPWISNIH,201,211,-0.034853150985251435,-0.034853150985251435,No
QLSQILAPNNYYPSKNLAPIALNAQDDFSSTPITM,400,434,0.4518432603534439,0.4518432603534439,No
DFNFDQQTSQNIKNQLAEL,551,569,0.04207010098768116,0.04207010098768116,No
QYFQSAIWSGFIK,58,70,0.1315200069191178,0.1315200069191178,No
YFQSAIWSGFIK,59,70,0.4295219448278358,0.4295219448278358,No
SENQYFQSAIWSGFIK,55,70,-0.5351740916610197,-0.5351740916610197,No
ENIPSENQYFQSAIWSGFIK,51,70,-0.043233756715377325,-0.043233756715377325,No
EAHREVINSSTEGLLLNIDKDIRKIL,614,639,0.36030141066733634,0.36030141066733634,No
IPSENQYFQSAIWSGFIK,53,70,-0.5606754282061956,-0.5606754282061956,No
LENIPSENQYFQSAIWSGFIK,50,70,0.6301042416880591,0.6301042416880591,No
LNESESSSQGLLGYYF,9,24,0.8173597845446547,0.8173597845446547,Yes
REVINSSTEGLLLNIDKDIRKIL,617,639,-0.17802581335293688,-0.17802581335293688,No
NRLLNESESSSQGLLGYYFSDL,6,27,-0.2955028974455072,-0.2955028974455072,No
VVTSSTTGDLSIPSSELENIPSENQYFQSAIWSGFIK,34,70,-0.5781594837972079,-0.5781594837972079,No
LLNESESSSQGLLGYYF,8,24,0.6820024339916335,0.6820024339916335,No
NESESSSQGLLGYYFSDL,10,27,-0.7489107046187637,-0.7489107046187637,No
SESSSQGLLGYYFSDL,12,27,0.24244624682046378,0.24244624682046378,No
LNESESSSQGLLGYYFSDL,9,27,0.8208852684359353,0.8208852684359353,Yes
SSSQGLLGYYFSDL,14,27,0.9395446602020447,0.9395446602020447,Yes
SSQGLLGYYFSDL,15,27,-0.11350848286527526,-0.11350848286527526,No
VDTGSNWSEVLPQIQETTARIIFNGKDLNL,471,500,-0.24535516568645832,-0.24535516568645832,No
